Workbook

Sheet 团建结账
B2: 姓名 | C2: 金额 | D2: 结算方式 | E2: 计算值 | F2: 税后 | I2: 项目 | J2: 费用
B3: East | C3: 0 | D3: 未参与 | E3: ==IF(D3="水上",C3,C3*-1) -> 0 | F3: ==IF(E3>0,E3*(1-E19),E3) -> 0 | I3: 饮料零食 | J3: 0
B4: Peter | C4: 0 | D4: 未参与 | E4: ==IF(D4="水上",C4,C4*-1) -> 0 | F4: ==IF(E4>0,E4*(1-E19),E4) -> 0 | I4: 房费 | J4: 0
B5: mimi | C5: 0 | D5: 未参与 | E5: ==IF(D5="水上",C5,C5*-1) -> 0 | F5: ==IF(E5>0,E5*(1-E19),E5) -> 0 | I5: 槟郎 | J5: 0
B6: BigTree | C6: 0 | D6: 未参与 | E6: ==IF(D6="水上",C6,C6*-1) -> 0 | F6: ==IF(E6>0,E6*(1-E19),E6) -> 0 | I6: 其他（补齐） | J6: 0
B7: Onion | C7: 0 | D7: 未参与 | E7: ==IF(D7="水上",C7,C7*-1) -> 0 | F7: ==IF(E7>0,E7*(1-E19),E7) -> 0 | I7: 合计 | J7: ==SUM(J3:J6) -> 0
B8: topOne | C8: 0 | D8: 未参与 | E8: ==IF(D8="水上",C8,C8*-1) -> 0 | F8: ==IF(E8>0,E8*(1-E19),E8) -> 0
B9: West | C9: 0 | D9: 未参与 | E9: ==IF(D9="水上",C9,C9*-1) -> 0 | F9: ==IF(E9>0,E9*(1-E19),E9) -> 0
B10: BigBrave | C10: 0 | D10: 未参与 | E10: ==IF(D10="水上",C10,C10*-1) -> 0 | F10: ==IF(E10>0,E10*(1-E19),E10) -> 0
B11: RealStrong | C11: 0 | D11: 未参与 | E11: ==IF(D11="水上",C11,C11*-1) -> 0 | F11: ==IF(E11>0,E11*(1-E19),E11) -> 0
B12: Citizen | C12: 0 | D12: 未参与 | E12: ==IF(D12="水上",C12,C12*-1) -> 0 | F12: ==IF(E12>0,E12*(1-E19),E12) -> 0
B13: BattleMan | C13: 0 | D13: 未参与 | E13: ==IF(D13="水上",C13,C13*-1) -> 0 | F13: ==IF(E13>0,E13*(1-E19),E13) -> 0
B14: zifan | C14: 0 | D14: 未参与 | E14: ==IF(D14="水上",C14,C14*-1) -> 0 | F14: ==IF(E14>0,E14*(1-E19),E14) -> 0
B15: panda | C15: 0 | D15: 未参与 | E15: ==IF(D15="水上",C15,C15*-1) -> 0 | F15: ==IF(E15>0,E15*(1-E19),E15) -> 0
B16: 正负校验（负多正缺） | E16: ==SUM(E3:E15)+E20 -> 0 | F16: ==SUM(F3:F15)+F20 -> 0
B17: 餐费（房费+零食+饮料） | E17: ==J7 -> 0
B18: 水上 | E18: ==SUMIF(E3:E15,">0")+E20 -> 0
B19: 税率（餐费/水上） | E19: ==IF(E18<>0,E17/E18,0) -> 0
B20: 戴伟 | C20: 0 | D20: 未参与 | E20: ==IF(D20="水上",C20,C20*-1) -> 0 | F20: ==IF(E20>0,E20*(1-E19),E20) -> 0
B26: 45742
B27: 姓名 | C27: 金额 | D27: 结算方式 | E27: 计算值 | F27: 税后 | I27: 项目 | J27: 费用
B28: East | C28: 0 | D28: 未参与 | E28: ==IF(D28="水上",C28,C28*-1) -> 0 | F28: ==IF(E28>0,E28*(1-E44),E28) -> 0 | I28: 饮料零食 | J28: 136
B29: Peter | C29: 550 | D29: 水下 | E29: ==IF(D29="水上",C29,C29*-1) -> -550 | F29: ==IF(E29>0,E29*(1-E44),E29) -> -550 | I29: 房费 | J29: 88
B30: mimi | C30: 700 | D30: 水上 | E30: ==IF(D30="水上",C30,C30*-1) -> 700 | F30: ==IF(E30>0,E30*(1-E44),E30) -> 659.86456 | I30: 槟郎 | J30: 30
B31: BigTree | C31: 0 | D31: 未参与 | E31: ==IF(D31="水上",C31,C31*-1) -> 0 | F31: ==IF(E31>0,E31*(1-E44),E31) -> 0 | I31: 其他（补齐） | J31: 0
B32: Onion | C32: 650 | D32: 水下 | E32: ==IF(D32="水上",C32,C32*-1) -> -650 | F32: ==IF(E32>0,E32*(1-E44),E32) -> -650 | I32: 合计 | J32: ==SUM(J28:J31) -> 254
B33: topOne | C33: 2630 | D33: 水下 | E33: ==IF(D33="水上",C33,C33*-1) -> -2630 | F33: ==IF(E33>0,E33*(1-E44),E33) -> -2630
B34: West | C34: 2150 | D34: 水上 | E34: ==IF(D34="水上",C34,C34*-1) -> 2150 | F34: ==IF(E34>0,E34*(1-E44),E34) -> 2026.7269
B35: BigBrave | C35: 1000 | D35: 水上 | E35: ==IF(D35="水上",C35,C35*-1) -> 1000 | F35: ==IF(E35>0,E35*(1-E44),E35) -> 942.66366
B36: RealStrong | C36: 350 | D36: 水下 | E36: ==IF(D36="水上",C36,C36*-1) -> -350 | F36: ==IF(E36>0,E36*(1-E44),E36) -> -350
B37: Citizen | C37: 250 | D37: 水下 | E37: ==IF(D37="水上",C37,C37*-1) -> -250 | F37: ==IF(E37>0,E37*(1-E44),E37) -> -250
B38: BattleMan | C38: 0 | D38: 未参与 | E38: ==IF(D38="水上",C38,C38*-1) -> 0 | F38: ==IF(E38>0,E38*(1-E44),E38) -> 0
B39: zifan | C39: 500 | D39: 水上 | E39: ==IF(D39="水上",C39,C39*-1) -> 500 | F39: ==IF(E39>0,E39*(1-E44),E39) -> 471.33183
B40: Panda | C40: 5 | D40: 水上 | E40: ==IF(D40="水上",C40,C40*-1) -> 5 | F40: ==IF(E40>0,E40*(1-E44),E40) -> 4.7133183
B41: 正负校验（负多正缺） | E41: ==SUM(E28:E40)+E45 -> 0 | F41: ==SUM(F28:F40)+F45 -> -254
B42: 餐费（房费+零食+饮料） | E42: ==J32 -> 254
B43: 水上 | E43: ==SUMIF(E28:E40,">0")+E45 -> 4430
B44: 税率（餐费/水上） | E44: ==IF(E43<>0,E42/E43,0) -> 0.057336343
B45: 戴伟 | C45: 75 | D45: 水上 | E45: ==IF(D45="水上",C45,C45*-1) -> 75 | F45: ==IF(E45>0,E45*(1-E44),E45) -> 70.699774

Sheet 团建记录表
A1: 时间 | B1: 税率 | C1: 姓名 | D1: 金额 | E1: 结算方式 | F1: 计算值 | G1: 税后
A2: 45658 | B2: 0.01 | C2: 占位 | D2: 0 | E2: 水平 | F2: ==IF(E2="水上",D2,D2*-1) -> 0 | G2: ==IF(F2>0,F2*(1-B2),F2) -> 0
A3: 45742 | B3: 0.0573 | C3: Peter | D3: 550 | E3: 水下 | F3: ==IF(E3="水上",D3,D3*-1) -> -550 | G3: ==IF(F3>0,F3*(1-B3),F3) -> -550
A4: 45742 | B4: 0.0573 | C4: mimi | D4: 700 | E4: 水上 | F4: ==IF(E4="水上",D4,D4*-1) -> 700 | G4: ==IF(F4>0,F4*(1-B4),F4) -> 659.89
A5: 45742 | B5: 0.0573 | C5: Onion | D5: 650 | E5: 水下 | F5: ==IF(E5="水上",D5,D5*-1) -> -650 | G5: ==IF(F5>0,F5*(1-B5),F5) -> -650
A6: 45742 | B6: 0.0573 | C6: topOne | D6: 2630 | E6: 水下 | F6: ==IF(E6="水上",D6,D6*-1) -> -2630 | G6: ==IF(F6>0,F6*(1-B6),F6) -> -2630
A7: 45742 | B7: 0.0573 | C7: West | D7: 2150 | E7: 水上 | F7: ==IF(E7="水上",D7,D7*-1) -> 2150 | G7: ==IF(F7>0,F7*(1-B7),F7) -> 2026.805
A8: 45742 | B8: 0.0573 | C8: BigBrave | D8: 1000 | E8: 水上 | F8: ==IF(E8="水上",D8,D8*-1) -> 1000 | G8: ==IF(F8>0,F8*(1-B8),F8) -> 942.7
A9: 45742 | B9: 0.0573 | C9: RealStrong | D9: 350 | E9: 水下 | F9: ==IF(E9="水上",D9,D9*-1) -> -350 | G9: ==IF(F9>0,F9*(1-B9),F9) -> -350
A10: 45742 | B10: 0.0573 | C10: Citizen | D10: 250 | E10: 水下 | F10: ==IF(E10="水上",D10,D10*-1) -> -250 | G10: ==IF(F10>0,F10*(1-B10),F10) -> -250
A11: 45742 | B11: 0.0573 | C11: zifan | D11: 500 | E11: 水上 | F11: ==IF(E11="水上",D11,D11*-1) -> 500 | G11: ==IF(F11>0,F11*(1-B11),F11) -> 471.35
A12: 45742 | B12: 0.0573 | C12: Panda | D12: 5 | E12: 水上 | F12: ==IF(E12="水上",D12,D12*-1) -> 5 | G12: ==IF(F12>0,F12*(1-B12),F12) -> 4.7135
A13: 45741 | B13: 0.0804 | C13: East | D13: 450 | E13: 水下 | F13: ==IF(E13="水上",D13,D13*-1) -> -450 | G13: ==IF(F13>0,F13*(1-B13),F13) -> -450
... A266: 45670 | B266: 0.0706 | C266: Citizen | D266: 800 | E266: 水下 | F266: ==IF(E266="水上",D266,D266*-1) -> -800 | G266: ==IF(F266>0,F266*(1-B266),F266) -> -800
A267: 45668 | B267: 0.1575 | C267: East | D267: 0 | E267: 水平 | F267: ==IF(E267="水上",D267,D267*-1) -> 0 | G267: ==IF(F267>0,F267*(1-B267),F267) -> 0 | J267: ==COUNTIF(C267:C396,"=lixi") -> 0 | K267: ==COUNTIFS(C267:C396,"=lixi",E267:E396,"=水上") -> 0
A268: 45668 | B268: 0.1575 | C268: Peter | D268: 600 | E268: 水上 | F268: ==IF(E268="水上",D268,D268*-1) -> 600 | G268: ==IF(F268>0,F268*(1-B268),F268) -> 505.5
A269: 45668 | B269: 0.1575 | C269: mimi | D269: 770 | E269: 水上 | F269: ==IF(E269="水上",D269,D269*-1) -> 770 | G269: ==IF(F269>0,F269*(1-B269),F269) -> 648.725
A270: 45668 | B270: 0.1575 | C270: Onion | D270: 230 | E270: 水上 | F270: ==IF(E270="水上",D270,D270*-1) -> 230 | G270: ==IF(F270>0,F270*(1-B270),F270) -> 193.775
A271: 45668 | B271: 0.1575 | C271: BigBrave | D271: 800 | E271: 水下 | F271: ==IF(E271="水上",D271,D271*-1) -> -800 | G271: ==IF(F271>0,F271*(1-B271),F271) -> -800
A272: 45668 | B272: 0.1575 | C272: RealStrong | D272: 0 | E272: 水平 | F272: ==IF(E272="水上",D272,D272*-1) -> 0 | G272: ==IF(F272>0,F272*(1-B272),F272) -> 0
A273: 45668 | B273: 0.1575 | C273: Citizen | D273: 800 | E273: 水下 | F273: ==IF(E273="水上",D273,D273*-1) -> -800 | G273: ==IF(F273>0,F273*(1-B273),F273) -> -800
A274: 45667 | B274: 0.0876 | C274: East | D274: 300 | E274: 水下 | F274: ==IF(E274="水上",D274,D274*-1) -> -300 | G274: ==IF(F274>0,F274*(1-B274),F274) -> -300
A275: 45667 | B275: 0.0876 | C275: Peter | D275: 650 | E275: 水上 | F275: ==IF(E275="水上",D275,D275*-1) -> 650 | G275: ==IF(F275>0,F275*(1-B275),F275) -> 593.06
A276: 45667 | B276: 0.0876 | C276: Jerry | D276: 1600 | E276: 水上 | F276: ==IF(E276="水上",D276,D276*-1) -> 1600 | G276: ==IF(F276>0,F276*(1-B276),F276) -> 1459.84
A277: 45667 | B277: 0.0876 | C277: West | D277: 1500 | E277: 水上 | F277: ==IF(E277="水上",D277,D277*-1) -> 1500 | G277: ==IF(F277>0,F277*(1-B277),F277) -> 1368.6
A278: 45667 | B278: 0.0876 | C278: BigBrave | D278: 55 | E278: 水上 | F278: ==IF(E278="水上",D278,D278*-1) -> 55 | G278: ==IF(F278>0,F278*(1-B278),F278) -> 50.182
A279: 45667 | B279: 0.0876 | C279: RealStrong | D279: 1950 | E279: 水下 | F279: ==IF(E279="水上",D279,D279*-1) -> -1950 | G279: ==IF(F279>0,F279*(1-B279),F279) -> -1950
... A396: 45618 | B396: 0.108 | C396: Jerry | D396: 1870 | E396: 水下 | F396: ==IF(E396="水上",D396,D396*-1) -> -1870 | G396: ==IF(F396>0,F396*(1-B396),F396) -> -1870

Sheet 团建天梯榜
A1: Last Ranking | B1: Current Ranking | C1: Player | D1: Winning Rate | E1: 累计 | F1: 参与次数 | G1: 水上 | H1: 水下 | I1: 水平
A2: 1 | B2: 1 | C2: RealStrong | D2: ==G2/F2 -> 0.57446809 | E2: ==SUMIF(团建记录表!C2:C399,C2,团建记录表!G2:G399) -> 10039.221 | F2: ==COUNTIF(团建记录表!C2:C396,C2) -> 47 | G2: ==COUNTIFS(团建记录表!C2:C396,C2,团建记录表!E2:E396,"=水上") -> 27 | H2: ==COUNTIFS(团建记录表!C2:C396,C2,团建记录表!E2:E396,"=水下") -> 17 | I2: ==COUNTIFS(团建记录表!C2:C396,C2,团建记录表!E2:E396,"=水平") -> 3
A3: 2 | B3: 2 | C3: BigTree | D3: ==G3/F3 -> 0.8 | E3: ==SUMIF(团建记录表!C2:C399,C3,团建记录表!G2:G399) -> 8870.645 | F3: ==COUNTIF(团建记录表!C2:C396,C3) -> 20 | G3: ==COUNTIFS(团建记录表!C2:C396,C3,团建记录表!E2:E396,"=水上") -> 16 | H3: ==COUNTIFS(团建记录表!C2:C396,C3,团建记录表!E2:E396,"=水下") -> 4 | I3: ==COUNTIFS(团建记录表!C2:C396,C3,团建记录表!E2:E396,"=水平") -> 0
A4: 11 | B4: 3 | C4: West | D4: ==G4/F4 -> 0.54285714 | E4: ==SUMIF(团建记录表!C2:C399,C4,团建记录表!G2:G399) -> 800.731 | F4: ==COUNTIF(团建记录表!C2:C396,C4) -> 35 | G4: ==COUNTIFS(团建记录表!C2:C396,C4,团建记录表!E2:E396,"=水上") -> 19 | H4: ==COUNTIFS(团建记录表!C2:C396,C4,团建记录表!E2:E396,"=水下") -> 16 | I4: ==COUNTIFS(团建记录表!C2:C396,C4,团建记录表!E2:E396,"=水平") -> 0
A5: 3 | B5: 4 | C5: Dean | D5: ==G5/F5 -> 1 | E5: ==SUMIF(团建记录表!C2:C399,C5,团建记录表!G2:G399) -> 565.86 | F5: ==COUNTIF(团建记录表!C2:C396,C5) -> 1 | G5: ==COUNTIFS(团建记录表!C2:C396,C5,团建记录表!E2:E396,"=水上") -> 1 | H5: ==COUNTIFS(团建记录表!C2:C396,C5,团建记录表!E2:E396,"=水下") -> 0 | I5: ==COUNTIFS(团建记录表!C2:C396,C5,团建记录表!E2:E396,"=水平") -> 0
A6: 8 | B6: 5 | C6: mimi | D6: ==G6/F6 -> 0.67857143 | E6: ==SUMIF(团建记录表!C2:C399,C6,团建记录表!G2:G399) -> 543.721 | F6: ==COUNTIF(团建记录表!C2:C396,C6) -> 28 | G6: ==COUNTIFS(团建记录表!C2:C396,C6,团建记录表!E2:E396,"=水上") -> 19 | H6: ==COUNTIFS(团建记录表!C2:C396,C6,团建记录表!E2:E396,"=水下") -> 9 | I6: ==COUNTIFS(团建记录表!C2:C396,C6,团建记录表!E2:E396,"=水平") -> 0
A7: 4 | B7: 6 | C7: Shawn | D7: ==G7/F7 -> 0.66666667 | E7: ==SUMIF(团建记录表!C2:C401,C7,团建记录表!G2:G401) -> 541.817 | F7: ==COUNTIF(团建记录表!C2:C398,C7) -> 6 | G7: ==COUNTIFS(团建记录表!C2:C398,C7,团建记录表!E2:E398,"=水上") -> 4 | H7: ==COUNTIFS(团建记录表!C2:C398,C7,团建记录表!E2:E398,"=水下") -> 2 | I7: ==COUNTIFS(团建记录表!C2:C398,C7,团建记录表!E2:E398,"=水平") -> 0
A8: 6 | B8: 7 | C8: Water Line | D8: Water Line | E8: ==SUMIF(团建记录表!C2:C399,C8,团建记录表!G2:G399) -> 0 | F8: ==COUNTIF(团建记录表!C2:C396,C8) -> 0 | G8: ==COUNTIFS(团建记录表!C2:C396,C8,团建记录表!E2:E396,"=水上") -> 0 | H8: ==COUNTIFS(团建记录表!C2:C396,C8,团建记录表!E2:E396,"=水下") -> 0 | I8: ==COUNTIFS(团建记录表!C2:C396,C8,团建记录表!E2:E396,"=水平") -> 0
A9: 7 | B9: 8 | C9: Panda | D9: ==G9/F9 -> 0.75 | E9: ==SUMIF(团建记录表!C2:C399,C9,团建记录表!G2:G399) -> -72.099 | F9: ==COUNTIF(团建记录表!C2:C396,C9) -> 4 | G9: ==COUNTIFS(团建记录表!C2:C396,C9,团建记录表!E2:E396,"=水上") -> 3 | H9: ==COUNTIFS(团建记录表!C2:C396,C9,团建记录表!E2:E396,"=水下") -> 1 | I9: ==COUNTIFS(团建记录表!C2:C396,C9,团建记录表!E2:E396,"=水平") -> 0
A10: 5 | B10: 9 | C10: Peter | D10: ==G10/F10 -> 0.58695652 | E10: ==SUMIF(团建记录表!C2:C399,C10,团建记录表!G2:G399) -> -127.712 | F10: ==COUNTIF(团建记录表!C2:C396,C10) -> 46 | G10: ==COUNTIFS(团建记录表!C2:C396,C10,团建记录表!E2:E396,"=水上") -> 27 | H10: ==COUNTIFS(团建记录表!C2:C396,C10,团建记录表!E2:E396,"=水下") -> 18 | I10: ==COUNTIFS(团建记录表!C2:C396,C10,团建记录表!E2:E396,"=水平") -> 1
A11: 9 | B11: 10 | C11: Jerry | D11: ==G11/F11 -> 0.51351351 | E11: ==SUMIF(团建记录表!C2:C399,C11,团建记录表!G2:G399) -> -389.126 | F11: ==COUNTIF(团建记录表!C2:C396,C11) -> 37 | G11: ==COUNTIFS(团建记录表!C2:C396,C11,团建记录表!E2:E396,"=水上") -> 19 | H11: ==COUNTIFS(团建记录表!C2:C396,C11,团建记录表!E2:E396,"=水下") -> 18 | I11: ==COUNTIFS(团建记录表!C2:C396,C11,团建记录表!E2:E396,"=水平") -> 0
A12: 13 | B12: 11 | C12: BigBrave | D12: ==G12/F12 -> 0.61538462 | E12: ==SUMIF(团建记录表!C2:C399,C12,团建记录表!G2:G399) -> -604.8615 | F12: ==COUNTIF(团建记录表!C2:C396,C12) -> 13 | G12: ==COUNTIFS(团建记录表!C2:C396,C12,团建记录表!E2:E396,"=水上") -> 8 | H12: ==COUNTIFS(团建记录表!C2:C396,C12,团建记录表!E2:E396,"=水下") -> 4 | I12: ==COUNTIFS(团建记录表!C2:C396,C12,团建记录表!E2:E396,"=水平") -> 1
A13: 10 | B13: 12 | C13: Jianyu | D13: ==G13/F13 -> 0 | E13: ==SUMIF(团建记录表!C2:C400,C13,团建记录表!G2:G400) -> -620 | F13: ==COUNTIF(团建记录表!C2:C397,C13) -> 1 | G13: ==COUNTIFS(团建记录表!C2:C397,C13,团建记录表!E2:E397,"=水上") -> 0 | H13: ==COUNTIFS(团建记录表!C2:C397,C13,团建记录表!E2:E397,"=水下") -> 1 | I13: ==COUNTIFS(团建记录表!C2:C397,C13,团建记录表!E2:E397,"=水平") -> 0
A14: 12 | B14: 13 | C14: BattleMan | D14: ==G14/F14 -> 0 | E14: ==SUMIF(团建记录表!C39:C400,C14,团建记录表!G39:G400) -> -1400 | F14: ==COUNTIF(团建记录表!C39:C397,C14) -> 1 | G14: ==COUNTIFS(团建记录表!C39:C397,C14,团建记录表!E39:E397,"=水上") -> 0 | H14: ==COUNTIFS(团建记录表!C39:C397,C14,团建记录表!E39:E397,"=水下") -> 1 | I14: ==COUNTIFS(团建记录表!C39:C397,C14,团建记录表!E39:E397,"=水平") -> 0
A15: 14 | B15: 14 | C15: Albert | D15: ==G15/F15 -> 0.45454545 | E15: ==SUMIF(团建记录表!C2:C400,C15,团建记录表!G2:G400) -> -2471.392 | F15: ==COUNTIF(团建记录表!C2:C397,C15) -> 11 | G15: ==COUNTIFS(团建记录表!C2:C397,C15,团建记录表!E2:E397,"=水上") -> 5 | H15: ==COUNTIFS(团建记录表!C2:C397,C15,团建记录表!E2:E397,"=水下") -> 6 | I15: ==COUNTIFS(团建记录表!C2:C397,C15,团建记录表!E2:E397,"=水平") -> 0
A16: 16 | B16: 15 | C16: East | D16: ==G16/F16 -> 0.44444444 | E16: ==SUMIF(团建记录表!C2:C399,C16,团建记录表!G2:G399) -> -3636.084 | F16: ==COUNTIF(团建记录表!C2:C396,C16) -> 45 | G16: ==COUNTIFS(团建记录表!C2:C396,C16,团建记录表!E2:E396,"=水上") -> 20 | H16: ==COUNTIFS(团建记录表!C2:C396,C16,团建记录表!E2:E396,"=水下") -> 24 | I16: ==COUNTIFS(团建记录表!C2:C396,C16,团建记录表!E2:E396,"=水平") -> 1
A17: 17 | B17: 16 | C17: Citizen | D17: ==G17/F17 -> 0.32258065 | E17: ==SUMIF(团建记录表!C2:C399,C17,团建记录表!G2:G399) -> -4104.44 | F17: ==COUNTIF(团建记录表!C2:C396,C17) -> 31 | G17: ==COUNTIFS(团建记录表!C2:C396,C17,团建记录表!E2:E396,"=水上") -> 10 | H17: ==COUNTIFS(团建记录表!C2:C396,C17,团建记录表!E2:E396,"=水下") -> 21 | I17: ==COUNTIFS(团建记录表!C2:C396,C17,团建记录表!E2:E396,"=水平") -> 0
A18: 15 | B18: 17 | C18: topOne | D18: ==G18/F18 -> 0.45 | E18: ==SUMIF(团建记录表!C2:C399,C18,团建记录表!G2:G399) -> -5168.162 | F18: ==COUNTIF(团建记录表!C2:C396,C18) -> 20 | G18: ==COUNTIFS(团建记录表!C2:C396,C18,团建记录表!E2:E396,"=水上") -> 9 | H18: ==COUNTIFS(团建记录表!C2:C396,C18,团建记录表!E2:E396,"=水下") -> 10 | I18: ==COUNTIFS(团建记录表!C2:C396,C18,团建记录表!E2:E396,"=水平") -> 1
A19: 18 | B19: 18 | C19: Onion | D19: ==G19/F19 -> 0.375 | E19: ==SUMIF(团建记录表!C2:C399,C19,团建记录表!G2:G399) -> -8970.406 | F19: ==COUNTIF(团建记录表!C2:C396,C19) -> 24 | G19: ==COUNTIFS(团建记录表!C2:C396,C19,团建记录表!E2:E396,"=水上") -> 9 | H19: ==COUNTIFS(团建记录表!C2:C396,C19,团建记录表!E2:E396,"=水下") -> 15 | I19: ==COUNTIFS(团建记录表!C2:C396,C19,团建记录表!E2:E396,"=水平") -> 0
A20: 19 | B20: 19 | C20: zifan | D20: ==G20/F20 -> 0.54545455 | E20: ==SUMIF(团建记录表!C2:C399,C20,团建记录表!G2:G399) -> -9518.909 | F20: ==COUNTIF(团建记录表!C2:C396,C20) -> 22 | G20: ==COUNTIFS(团建记录表!C2:C396,C20,团建记录表!E2:E396,"=水上") -> 12 | H20: ==COUNTIFS(团建记录表!C2:C396,C20,团建记录表!E2:E396,"=水下") -> 10 | I20: ==COUNTIFS(团建记录表!C2:C396,C20,团建记录表!E2:E396,"=水平") -> 0
